image_id,data_provider
59750807e9d7869288cc60f7c318314d,radboud
aba52f1d32ab593c075801a10a98938b,radboud
145c74333d681b537b51a1f2c553c24e,radboud
479200a381febadfd767615fbe77c3ea,radboud
8013d514fff8374e2f0435f808a57d8e,radboud
b0e4ac380ceb1b245dd4fe6052913919,radboud
f31359d4b52d6111001bd6a27a216821,radboud
c0a0956a39319920d02c5c4eb30c5e10,radboud
dae6944419535df993a53a9c3b0f8245,radboud
78e15fff6ef70715b6f5b44caf905f97,radboud
9d1bda4d28af5a9f5d1d96833cec1728,radboud
441265c6b4598e9bcd10bc10eb6293cc,radboud
7817ae2d392ba4f6cb9104fbe70b6274,radboud
4e80b5738f591c7d0d91889c2bdfd39d,radboud
389758c9e3aad00e774d581150f372db,radboud
38f32b275b2bf74ee659cd5acdb14a8b,radboud
95ceba057707ca5624053399bd2f14db,radboud
bacad594d4d9ad882eda3a6738326d52,radboud
9effeea56c413b92340b89d1240769c1,radboud
7f57053f651025603c6b4246acd0ba54,radboud
49db41e3293630f0b1a566d7c9a8f07e,radboud
e9d628364cf51891028163e0cfca628c,radboud
0aa6472328e4807ba54a807b8332da0f,radboud
3752b697cae9f81a9d5ffe44dac58e7a,radboud
d1a9750fbe2b10c8d52dfddf4cb1bde3,radboud
836ca5d73c88ad94fb980ca3e5e65da7,karolinska
a068d48cb0127a48b4b8c8574b39a2e3,radboud
264e5e8732450598190acec51da65cdc,radboud
7a1b601b146af835cef2bc71ea599c65,radboud
3381ea445ec8554a5cb3e7d3153fc0c1,radboud
4abf4f8b4b7768af6eb06d3ef31b1e09,radboud
975e3dab22e437d040f2fd296a8d038f,radboud
dc2ec851fcbf594f11b023387ac15003,radboud
eda92317b583435a810cac1dc7bb8025,radboud
f0a73ffe7d71950702ebd0ef7efa86cb,radboud
8a415b0e974861fa00ae9d88f9e3b980,radboud
5c083ab21fc57c0954468ab46aa7fb16,radboud
b06b4755a9bbdb1e304f98a5d71e3c29,karolinska
b5343f9567df8a68c3276f8d8cdcc6a5,radboud
85b7018a9e5287342a1392fb02ce24a1,radboud
a6c30b9c00539ff6e70c8fc774232c61,radboud
ab106ca32e9155aa7e68eabef8e2ed59,radboud
687caedb62d68fd4692af68d695efc1c,radboud
3b89fac978a021d49806d2f75cc9f4c2,radboud
303090fcc31ecc2584e6addeadfa1402,radboud
b498ef879c259999363dafe50f2b7acc,radboud
6226ebfc1f9b743a8b02db4eb7145738,radboud
06ef49a7b77e883f089cfdd80642d6f0,radboud
1e73a4d3e89de944a6c309defde99839,radboud
0db426156d588a5bb0b6036ac0465be0,radboud
9793c3c2317f38143d21a5187bb35652,radboud
e49bc96b36f660bf3aa433ef119066eb,radboud
f73951fddf77034c9fd44cb19f5fe6b5,radboud
134b29504e8774c3d38102d6ee81cdb9,radboud
5bc396007c667e5fec6587d07a9af93e,radboud
be403ce415609008605d63396869ed2e,radboud
838e413e9561b104afa20bdd1d02f8ae,radboud
bdeb7ab6c22749f3a39e5a88ee4a0fa4,radboud
1b86a85640e5832e6b27d89c8f99adf9,radboud
e2726cffee3499287c6f87b561dd228d,radboud
9732d77870c47958a27d32126266ef89,radboud
7641921e308edd4de40ad5f83db43a04,radboud
774c9b631a29f191836b1078a6c3a67c,radboud
cca735c397880e88192e97d68b97754e,radboud
64c7193405afef922cfda4c959bfd28f,radboud
d69244e15961cf6fb54d50a3baaaa46d,radboud
da1de69a3097c5cecfc5a5c20f125340,radboud
367f122e80bcd0bffc02f6a04c1d8234,radboud
8e25584bd03155d24a2adc00517a38e8,radboud
3c659b2837afab3af6b952fcbaa6a515,radboud
d284c0c04e9c24ed036a882a92823ec5,radboud
